source_id,source_name,bucket,recommendation,list_url,has_list_item_selector,item_match_count,link_rate,date_rate,anchor_count,keyword_hits,menu_like_hits,false_positive_risk,js_framework,error
ou_1732_univ_001,감리교신학대학교 장학공지,ok,설정 정상,https://www.mtu.ac.kr/mtu/board/list.do?mId=160,true,34,1,1,582,,,,,
ou_1737_univ_001,강남대학교 장학공지,fallback_scan,list_item_selector 미설정 → 페이지 전체 링크 스캔 중(오탐 위험). 목록 셀렉터 지정 필요,https://web.kangnam.ac.kr/menu/f19069e6134f8f8aa7f689a4a675e66f.do?searchMenuSeq=117,false,,,,305,32,6,0.19,,
ou_1745_univ_001,강서대학교 장학공지,fallback_scan,list_item_selector 미설정 → 페이지 전체 링크 스캔 중(오탐 위험). 목록 셀렉터 지정 필요,https://gangseo.ac.kr/kcua/boardList?menuCode=BC0703,false,,,,275,18,7,0.39,,
ou_1751_univ_001,강원대학교 장학공지,fetch_error,요청 실패 → URL/타임아웃/차단 여부 확인,https://itcall.kangwon.ac.kr/www/selectBbsNttList.do?bbsNo=34&key=232,true,,,,,,,,,HTTP 403
ou_1779_univ_001,건국대학교(글로컬) 장학공지,fallback_scan,list_item_selector 미설정 → 페이지 전체 링크 스캔 중(오탐 위험). 목록 셀렉터 지정 필요,https://www.kku.ac.kr/cms/FR_CON/index.do?MENU_ID=1750,false,,,,543,18,10,0.56,,
ou_1786_univ_001,건양대학교 장학공지,ok,설정 정상,https://www.konyang.ac.kr/cop/bbs/BBSMSTR_000000000585/selectBoardList.do,true,16,1,1,780,,,,,
ou_1821_univ_001,경남과학기술대학교 장학공지,link_extract_fail,목록 행은 잡히나 상세 URL 추출 실패 → onclick/data-href 어댑터 또는 link_selector 필요,https://www.gnu.ac.kr/eng/na/ntt/selectNttList.do?bbsId=12788&mi=49470,true,12,0,1,167,,,,,
ou_1864_univ_001,경상국립대학교 장학공지,link_extract_fail,목록 행은 잡히나 상세 URL 추출 실패 → onclick/data-href 어댑터 또는 link_selector 필요,https://www.gnu.ac.kr/eng/na/ntt/selectNttList.do?bbsId=12788&mi=49470,true,12,0,1,167,,,,,
ou_1888_univ_001,경운대학교 장학공지,fetch_error,요청 실패 → URL/타임아웃/차단 여부 확인,https://www.ikw.ac.kr/page/link.tc?mn=2589&pageSeq=1929,false,,,,,,,,,fetch failed
ou_1923_univ_001,계명대학교 장학공지,fetch_error,요청 실패 → URL/타임아웃/차단 여부 확인,https://www.kmu.ac.kr/uni/main/page.jsp?mnu_uid=145,false,,,,,,,,,fetch failed
ou_1_univ_001,고려대학교 장학공지,fetch_error,요청 실패 → URL/타임아웃/차단 여부 확인,https://scholarship.korea.ac.kr/scholarship/application/notice.do,true,,,,,,,,,terminated
ou_1986_univ_001,광신대학교 장학공지,link_extract_fail,목록 행은 잡히나 상세 URL 추출 실패 → onclick/data-href 어댑터 또는 link_selector 필요,https://www.kwangshin.ac.kr/front/boardList.do?brd_mgrno=180&menu_no=442,true,12,0,0.83,234,,,,,
ou_2015_univ_001,광주여자대학교 장학공지,ok,설정 정상,https://www.kwu.ac.kr/mod/board/list.do?MID=KWU_B06010401,true,13,1,1,255,,,,,
ou_2062_univ_001,국립목포해양대학교 장학공지,fetch_error,요청 실패 → URL/타임아웃/차단 여부 확인,https://www.mmu.ac.kr/main/board/303,false,,,,,,,,,fetch failed
ou_2074_univ_001,국립순천대학교 장학공지,ok,설정 정상,https://www.scnu.ac.kr/SCNU/na/ntt/selectNttList.do?bbsId=4487&mi=8690,true,10,1,1,450,,,,,
ou_2081_univ_001,국립창원대학교 장학공지,link_extract_fail,목록 행은 잡히나 상세 URL 추출 실패 → onclick/data-href 어댑터 또는 link_selector 필요,https://www.changwon.ac.kr/haksa/na/ntt/selectNttList.do?bbsId=5849&mi=15814,true,23,0,1,156,,,,,
ou_2097_univ_001,국립한국해양대학교 장학공지,fetch_error,요청 실패 → URL/타임아웃/차단 여부 확인,https://www.kmou.ac.kr/kmou/na/ntt/selectNttList.do?mi=5691&bbsId=1041,true,,,,,,,,,HTTP 404
ou_2106_univ_001,국립한밭대학교 장학공지,link_extract_fail,목록 행은 잡히나 상세 URL 추출 실패 → onclick/data-href 어댑터 또는 link_selector 필요,https://www.hanbat.ac.kr/bbs/BBSMSTR_000000001261/list.do,true,13,0,1,528,,,,,
ou_2112_univ_001,국민대학교 장학공지,link_extract_fail,목록 행은 잡히나 상세 URL 추출 실패 → onclick/data-href 어댑터 또는 link_selector 필요,https://www.kookmin.ac.kr/user/kmuNews/notice/7/index.do,true,10,0,0,461,,,,,
ou_2149_univ_001,김천대학교 장학공지,fetch_error,요청 실패 → URL/타임아웃/차단 여부 확인,https://www.kcu.ac.kr/kcua/boardList?menuCode=BC0703,false,,,,,,,,,fetch failed
ou_2163_univ_001,남부대학교 장학공지,link_extract_fail,목록 행은 잡히나 상세 URL 추출 실패 → onclick/data-href 어댑터 또는 link_selector 필요,https://www.nambu.ac.kr/board/NAMBU_BOARD_0016/boardList.do?menuCd=KR006006004,true,10,0,1,483,,,,,
ou_2173_univ_001,남서울대학교 장학공지,fallback_scan,list_item_selector 미설정 → 페이지 전체 링크 스캔 중(오탐 위험). 목록 셀렉터 지정 필요,https://www.nsu.ac.kr/?m1=page&menu_id=134,false,,,,5,0,0,0,,
ou_2238_univ_001,대신대학교 장학공지,fetch_error,요청 실패 → URL/타임아웃/차단 여부 확인,https://www.daeshin.ac.kr/html/05_community/01.php,false,,,,,,,,,fetch failed
ou_2246_univ_001,대전대학교 장학공지,link_extract_fail,목록 행은 잡히나 상세 URL 추출 실패 → onclick/data-href 어댑터 또는 link_selector 필요,https://www.dju.ac.kr/dju/na/ntt/selectNttList.do?bbsId=1853&mi=3957,true,14,0,1,545,,,,,
ou_2257_univ_001,대진대학교 장학공지,fetch_error,요청 실패 → URL/타임아웃/차단 여부 확인,https://www.daejin.ac.kr/daejin/1004/subview.do,true,,,,,,,,,fetch failed
ou_2266_univ_001,덕성여자대학교 장학공지,fallback_scan,list_item_selector 미설정 → 페이지 전체 링크 스캔 중(오탐 위험). 목록 셀렉터 지정 필요,https://www.duksung.ac.kr/bbs/board.do?bsIdx=36&menuId=1059,false,,,,788,15,15,1,,
ou_12_univ_001,동국대학교 장학공지,ok,설정 정상,https://scholarship.dongguk.edu/article/notice/list,true,16,0.63,1,92,,,,,
ou_2292_univ_001,동덕여자대학교 장학공지,fallback_scan,list_item_selector 미설정 → 페이지 전체 링크 스캔 중(오탐 위험). 목록 셀렉터 지정 필요,https://www.dongduk.ac.kr/www/contents/kor-noti.do?gotoMenuNo=kor-noti,false,,,,386,9,4,0.44,,
ou_2355_univ_001,루터대학교 장학공지,js_suspect,링크/본문이 거의 없음(JS 렌더링 의심) → Playwright 또는 목록 API 확인,http://english.ltu.ac.kr/Board/bbs.list.php?bid=Notice,false,,,,0,0,0,0,,
ou_2401_univ_001,부산가톨릭대학교 장학공지,link_extract_fail,목록 행은 잡히나 상세 URL 추출 실패 → onclick/data-href 어댑터 또는 link_selector 필요,https://www.cup.ac.kr/entrance/home/front/board/List294.do,true,2,0,0,1,,,,,
ou_2468_univ_001,상지대학교 장학공지,link_extract_fail,목록 행은 잡히나 상세 URL 추출 실패 → onclick/data-href 어댑터 또는 link_selector 필요,https://www.sangji.ac.kr/prog/bbsArticle/BBSMSTR_000000000042/list.do,true,13,0,1,475,,,,,
ou_2515_univ_001,서울교육대학교 장학공지,link_extract_fail,목록 행은 잡히나 상세 URL 추출 실패 → onclick/data-href 어댑터 또는 link_selector 필요,https://www.snue.ac.kr/snue/na/ntt/selectNttList.do?bbsId=1083&mi=3004,true,16,0,1,258,,,,,
ou_10_univ_001,서울시립대학교 장학공지,link_extract_fail,목록 행은 잡히나 상세 URL 추출 실패 → onclick/data-href 어댑터 또는 link_selector 필요,https://scholarship.uos.ac.kr/scholarship/main.do?identified=anonymous,true,6,0,0,111,,,,,
ou_2579_univ_001,서울장신대학교 장학공지,fetch_error,요청 실패 → URL/타임아웃/차단 여부 확인,https://www.sjs.ac.kr/ht_ml/w_03ed/3010.php,false,,,,,,,,,fetch failed
ou_2700_univ_001,세한대학교 장학공지,link_extract_fail,목록 행은 잡히나 상세 URL 추출 실패 → onclick/data-href 어댑터 또는 link_selector 필요,https://house.sehan.ac.kr/main/board/janghakList1.do?sub_node=1_2,true,3,0,0,283,,,,,
ou_2791_univ_001,아신대학교 장학공지,fallback_scan,list_item_selector 미설정 → 페이지 전체 링크 스캔 중(오탐 위험). 목록 셀렉터 지정 필요,https://www.acts.ac.kr/modules/board/bd_list.asp?id=board_notice05&left=unilife4_1,false,,,,217,15,4,0.27,,
ou_2909_univ_001,용인대학교 장학공지,link_extract_fail,목록 행은 잡히나 상세 URL 추출 실패 → onclick/data-href 어댑터 또는 link_selector 필요,https://yongin.ac.kr/cmn/board/SYSTEM_DEFAULT000001/scholarList.do,true,22,0,0.45,253,,,,,
ou_2981_univ_001,을지대학교 장학공지,fetch_error,요청 실패 → URL/타임아웃/차단 여부 확인,https://www.eulji.ac.kr/?menuno=4005,false,,,,,,,,,fetch failed
ou_3003_univ_001,인제대학교 장학공지,fetch_error,요청 실패 → URL/타임아웃/차단 여부 확인,https://www.inje.ac.kr/kor/Template/Bsub_page.asp?Ltype=5&Ltype2=0&Ltype3=0&Tname=S_News&Ldir=board/S_News&Lpage=Tboard_L&div=10&d1n=5&d2n=1&d3n=6&d4n=0,false,,,,,,,,,fetch failed
ou_3064_univ_001,전북대학교 장학공지,link_extract_fail,목록 행은 잡히나 상세 URL 추출 실패 → onclick/data-href 어댑터 또는 link_selector 필요,https://www.jbnu.ac.kr/web/news/notice/sub01.do,true,16,0,1,738,,,,,
ou_8_univ_001,중앙대학교 장학공지,fetch_error,요청 실패 → URL/타임아웃/차단 여부 확인,https://www.cau.ac.kr/cms/FR_CON/index.do?MENU_ID=100&CONTENTS_NO=5&P_TAB_NO=5,true,,,,,,,,,This operation was aborted
ou_3187_univ_001,창신대학교 장학공지,fetch_error,요청 실패 → URL/타임아웃/차단 여부 확인,https://www.cs.ac.kr/board/board_community1?category_id=5,false,,,,,,,,,fetch failed
ou_3198_univ_001,청주교육대학교 장학공지,fallback_scan,list_item_selector 미설정 → 페이지 전체 링크 스캔 중(오탐 위험). 목록 셀렉터 지정 필요,https://www.cje.ac.kr/web/board/brdList.do?menu_cd=000219,false,,,,506,15,15,1,,
ou_3209_univ_001,초당대학교 장학공지,ok,설정 정상,https://dream.cdu.ac.kr/mod/board/list.do?MID=DRM_B05010100,true,10,1,1,159,,,,,
ou_3229_univ_001,충남대학교 장학공지,fallback_scan,list_item_selector 미설정 → 페이지 전체 링크 스캔 중(오탐 위험). 목록 셀렉터 지정 필요,https://plus.cnu.ac.kr/_prog/_board/?code=sub07_0713,false,,,,627,20,2,0.1,,
ou_3342_univ_001,한국전통문화대학교 장학공지,fetch_error,요청 실패 → URL/타임아웃/차단 여부 확인,http://www.nuch.ac.kr/mec/ots/brd/list.do?mnuBaseId=MNU0000146&topBaseId=MNU0000009&tplSer=2,true,,,,,,,,,fetch failed
ou_3436_univ_001,한밭대학교(산업대) 장학공지,link_extract_fail,목록 행은 잡히나 상세 URL 추출 실패 → onclick/data-href 어댑터 또는 link_selector 필요,https://www.hanbat.ac.kr/bbs/BBSMSTR_000000001261/list.do,true,13,0,1,528,,,,,
ou_3437_univ_001,한서대학교 장학공지,link_extract_fail,목록 행은 잡히나 상세 URL 추출 실패 → onclick/data-href 어댑터 또는 link_selector 필요,https://www.hanseo.ac.kr/boardCnts/list.do?boardID=301&m=040104&s=hs,true,32,0,1,263,,,,,
ou_3509_univ_001,한일장신대학교 장학공지,fallback_scan,list_item_selector 미설정 → 페이지 전체 링크 스캔 중(오탐 위험). 목록 셀렉터 지정 필요,https://www.hanil.ac.kr/portal/default/bbs/list.do?menuId=M0004000100040000,false,,,,419,8,6,0.75,,
ou_3518_univ_001,협성대학교 장학공지,link_extract_fail,목록 행은 잡히나 상세 URL 추출 실패 → onclick/data-href 어댑터 또는 link_selector 필요,https://www.uhs.ac.kr/uhs/155/subview.do,true,10,0,1,246,,,,,
ou_1618_univ_001,화성의과학대학교 장학공지,fetch_error,요청 실패 → URL/타임아웃/차단 여부 확인,https://www.hsmu.ac.kr/user/board/HSMU40102000_list_HSMU40102000.do,true,,,,,,,,,fetch failed