source_id,source_name,university_name,list_url,base_url,org_unit_id,university_slug,initial_error_bucket,latest_error_bucket,observed_count,matched_count,runtime_status,existing_parser_strategy,existing_notice_url_pattern,existing_list_item_selector,existing_link_selector,notes,prior_root_cause_category
ou_1732_univ_001,감리교신학대학교 장학공지,감리교신학대학교,https://www.mtu.ac.kr/mtu/board/list.do?mId=160,https://www.mtu.ac.kr,1732,ou_1732,empty_observed,empty_observed,0,0,empty_observed,generic_html,(mode=view|sMode=VIEW_FORM|iBrdContNo=|articleNo=|boardNo=|nttNo=|nttId=|idx=\d+|no=\d+|wr_id=\d+|boardSeq=\d+|b_idx=\d+|seq=\d+|uid=\d+|artclNo=|artclView\.do|notice-view\?id=|mod=document),tbody tr,a[href],confidence=high | 장학/학자금 공지,detail_url_resolution_failed
ou_1737_univ_001,강남대학교 장학공지,강남대학교,https://web.kangnam.ac.kr/menu/f19069e6134f8f8aa7f689a4a675e66f.do?searchMenuSeq=117,https://web.kangnam.ac.kr,1737,ou_1737,empty_observed,empty_observed,0,0,empty_observed,generic_html,(mode=view|sMode=VIEW_FORM|iBrdContNo=|articleNo=|boardNo=|nttNo=|nttId=|idx=\d+|no=\d+|wr_id=\d+|boardSeq=\d+|b_idx=\d+|seq=\d+|uid=\d+|artclNo=|artclView\.do|notice-view\?id=|mod=document),,a[href],confidence=high | 강남광장>공지사항>장학,list_selector_mismatch
ou_1745_univ_001,강서대학교 장학공지,강서대학교,https://gangseo.ac.kr/kcua/boardList?menuCode=BC0703,https://gangseo.ac.kr,1745,ou_1745,attempt_timeout,attempt_timeout,0,0,timeout,generic_html,,,a[href],confidence=high | 강서소통광장>장학공지,timeout
ou_1751_univ_001,강원대학교 장학공지,강원대학교,https://itcall.kangwon.ac.kr/www/selectBbsNttList.do?bbsNo=34&key=232,https://itcall.kangwon.ac.kr,1751,ou_1751,http_error,http_error,0,0,http_error,generic_html,(mode=view|sMode=VIEW_FORM|iBrdContNo=|articleNo=|boardNo=|nttNo=|nttId=|idx=\d+|no=\d+|wr_id=\d+|boardSeq=\d+|b_idx=\d+|seq=\d+|uid=\d+|artclNo=|artclView\.do|notice-view\?id=|mod=document),tbody tr,a[href],confidence=high | 대학생활>장학안내>장학 게시판,http_forbidden
ou_1779_univ_001,건국대학교(글로컬) 장학공지,건국대학교(글로컬),https://www.kku.ac.kr/cms/FR_CON/index.do?MENU_ID=1750,https://www.kku.ac.kr,1779,ou_1779,empty_observed,empty_observed,0,0,empty_observed,generic_html,(mode=view|sMode=VIEW_FORM|iBrdContNo=|articleNo=|boardNo=|nttNo=|nttId=|idx=\d+|no=\d+|wr_id=\d+|boardSeq=\d+|b_idx=\d+|seq=\d+|uid=\d+|artclNo=|artclView\.do|notice-view\?id=|mod=document),,a[href],confidence=high | 글로컬 장학공지,list_selector_mismatch
ou_1786_univ_001,건양대학교 장학공지,건양대학교,https://www.konyang.ac.kr/cop/bbs/BBSMSTR_000000000585/selectBoardList.do,https://www.konyang.ac.kr,1786,ou_1786,empty_observed,attempt_timeout,0,0,timeout,generic_html,(mode=view|sMode=VIEW_FORM|iBrdContNo=|articleNo=|boardNo=|nttNo=|nttId=|idx=\d+|no=\d+|wr_id=\d+|boardSeq=\d+|b_idx=\d+|seq=\d+|uid=\d+|artclNo=|artclView\.do|notice-view\?id=|mod=document),tbody tr,a[href],confidence=high | 장학·학자금 공지,onclick_event_url_required
ou_1821_univ_001,경남과학기술대학교 장학공지,경남과학기술대학교,https://www.gnu.ac.kr/eng/na/ntt/selectNttList.do?bbsId=12788&mi=49470,https://www.gnu.ac.kr,1821,ou_1821,empty_observed,empty_observed,0,0,empty_observed,generic_html,(mode=view|sMode=VIEW_FORM|iBrdContNo=|articleNo=|boardNo=|nttNo=|nttId=|idx=\d+|no=\d+|wr_id=\d+|boardSeq=\d+|b_idx=\d+|seq=\d+|uid=\d+|artclNo=|artclView\.do|notice-view\?id=|mod=document),tbody tr,a[href],confidence=low | 2021년 경상국립대 통합; 별도 보드 없음→GNU Today 장학,detail_url_resolution_failed
ou_1864_univ_001,경상국립대학교 장학공지,경상국립대학교,https://www.gnu.ac.kr/eng/na/ntt/selectNttList.do?bbsId=12788&mi=49470,https://www.gnu.ac.kr,1864,ou_1864,empty_observed,empty_observed,0,0,empty_observed,generic_html,(mode=view|sMode=VIEW_FORM|iBrdContNo=|articleNo=|boardNo=|nttNo=|nttId=|idx=\d+|no=\d+|wr_id=\d+|boardSeq=\d+|b_idx=\d+|seq=\d+|uid=\d+|artclNo=|artclView\.do|notice-view\?id=|mod=document),tbody tr,a[href],confidence=medium | GNU Today>Scholarships(한글 mi 미확인),detail_url_resolution_failed
ou_1888_univ_001,경운대학교 장학공지,경운대학교,https://www.ikw.ac.kr/page/link.tc?mn=2589&pageSeq=1929,https://www.ikw.ac.kr,1888,ou_1888,transport_http_forbidden,network_error,0,0,network_error,generic_html,,,a[href],confidence=high | 장학/학자금 공지,http_forbidden
ou_1923_univ_001,계명대학교 장학공지,계명대학교,https://www.kmu.ac.kr/uni/main/page.jsp?mnu_uid=145,https://www.kmu.ac.kr,1923,ou_1923,network_error,network_error,0,0,network_error,generic_html,,,a[href],confidence=high | 열린마당>장학,network_dns_or_tls_failure
ou_1_univ_001,고려대학교 장학공지,고려대학교,https://scholarship.korea.ac.kr/scholarship/application/notice.do,https://scholarship.korea.ac.kr,1,ou_1,network_error,network_error,0,0,network_error,generic_html,(mode=view|sMode=VIEW_FORM|iBrdContNo=|articleNo=|boardNo=|nttNo=|nttId=|idx=\d+|no=\d+|wr_id=\d+|boardSeq=\d+|b_idx=\d+|seq=\d+|uid=\d+|artclNo=|artclView\.do|notice-view\?id=|mod=document),tbody tr,a[href],confidence=high | 학부 장학 공지,network_dns_or_tls_failure
ou_1986_univ_001,광신대학교 장학공지,광신대학교,https://www.kwangshin.ac.kr/front/boardList.do?brd_mgrno=180&menu_no=442,https://www.kwangshin.ac.kr,1986,ou_1986,empty_observed,empty_observed,0,0,empty_observed,generic_html,(mode=view|sMode=VIEW_FORM|iBrdContNo=|articleNo=|boardNo=|nttNo=|nttId=|idx=\d+|no=\d+|wr_id=\d+|boardSeq=\d+|b_idx=\d+|seq=\d+|uid=\d+|artclNo=|artclView\.do|notice-view\?id=|mod=document),tbody tr,a[href],confidence=medium | 커뮤니티 공지사항(장학 포함); 전용보드 미확인,onclick_event_url_required
ou_2015_univ_001,광주여자대학교 장학공지,광주여자대학교,https://www.kwu.ac.kr/mod/board/list.do?MID=KWU_B06010401,https://www.kwu.ac.kr,2015,ou_2015,empty_observed,empty_observed,0,0,empty_observed,generic_html,(mode=view|sMode=VIEW_FORM|iBrdContNo=|articleNo=|boardNo=|nttNo=|nttId=|idx=\d+|no=\d+|wr_id=\d+|boardSeq=\d+|b_idx=\d+|seq=\d+|uid=\d+|artclNo=|artclView\.do|notice-view\?id=|mod=document),tbody tr,a[href],confidence=high | 송강광장 > 알림마당 > 장학공지 전용 게시판,list_selector_mismatch
ou_2062_univ_001,국립목포해양대학교 장학공지,국립목포해양대학교,https://www.mmu.ac.kr/main/board/303,https://www.mmu.ac.kr,2062,ou_2062,network_error,network_error,0,0,network_error,generic_html,,,a[href],confidence=high | 장학공지 전용 게시판,network_dns_or_tls_failure
ou_2074_univ_001,국립순천대학교 장학공지,국립순천대학교,https://www.scnu.ac.kr/SCNU/na/ntt/selectNttList.do?bbsId=4487&mi=8690,https://www.scnu.ac.kr,2074,ou_2074,empty_observed,empty_observed,0,0,empty_observed,generic_html,(mode=view|sMode=VIEW_FORM|iBrdContNo=|articleNo=|boardNo=|nttNo=|nttId=|idx=\d+|no=\d+|wr_id=\d+|boardSeq=\d+|b_idx=\d+|seq=\d+|uid=\d+|artclNo=|artclView\.do|notice-view\?id=|mod=document),tbody tr,a[href],confidence=medium | 국가장학금 게시판,onclick_event_url_required
ou_2081_univ_001,국립창원대학교 장학공지,국립창원대학교,https://www.changwon.ac.kr/haksa/na/ntt/selectNttList.do?bbsId=5849&mi=15814,https://www.changwon.ac.kr,2081,ou_2081,empty_observed,empty_observed,0,0,empty_observed,generic_html,(mode=view|sMode=VIEW_FORM|iBrdContNo=|articleNo=|boardNo=|nttNo=|nttId=|idx=\d+|no=\d+|wr_id=\d+|boardSeq=\d+|b_idx=\d+|seq=\d+|uid=\d+|artclNo=|artclView\.do|notice-view\?id=|mod=document),tbody tr,a[href],confidence=high | 학사안내 > 장학안내,detail_url_resolution_failed
ou_2097_univ_001,국립한국해양대학교 장학공지,국립한국해양대학교,https://www.kmou.ac.kr/kmou/na/ntt/selectNttList.do?mi=5691&bbsId=1041,https://www.kmou.ac.kr,2097,ou_2097,http_error,http_error,0,0,http_error,generic_html,(mode=view|sMode=VIEW_FORM|iBrdContNo=|articleNo=|boardNo=|nttNo=|nttId=|idx=\d+|no=\d+|wr_id=\d+|boardSeq=\d+|b_idx=\d+|seq=\d+|uid=\d+|artclNo=|artclView\.do|notice-view\?id=|mod=document),tbody tr,a[href],confidence=high | 정보광장 > 장학정보,http_forbidden
ou_2106_univ_001,국립한밭대학교 장학공지,국립한밭대학교,https://www.hanbat.ac.kr/bbs/BBSMSTR_000000001261/list.do,https://www.hanbat.ac.kr,2106,ou_2106,empty_observed,empty_observed,0,0,empty_observed,generic_html,(mode=view|sMode=VIEW_FORM|iBrdContNo=|articleNo=|boardNo=|nttNo=|nttId=|idx=\d+|no=\d+|wr_id=\d+|boardSeq=\d+|b_idx=\d+|seq=\d+|uid=\d+|artclNo=|artclView\.do|notice-view\?id=|mod=document),tbody tr,a[href],confidence=high | 장학공지 전용 게시판,onclick_event_url_required
ou_2112_univ_001,국민대학교 장학공지,국민대학교,https://www.kookmin.ac.kr/user/kmuNews/notice/7/index.do,https://www.kookmin.ac.kr,2112,ou_2112,empty_observed,empty_observed,0,0,empty_observed,generic_html,(mode=view|sMode=VIEW_FORM|iBrdContNo=|articleNo=|boardNo=|nttNo=|nttId=|idx=\d+|no=\d+|wr_id=\d+|boardSeq=\d+|b_idx=\d+|seq=\d+|uid=\d+|artclNo=|artclView\.do|notice-view\?id=|mod=document),tbody tr,a[href],confidence=high | KMU 주요소식 > 장학공지,onclick_event_url_required
ou_2149_univ_001,김천대학교 장학공지,김천대학교,https://www.kcu.ac.kr/kcua/boardList?menuCode=BC0703,https://www.kcu.ac.kr,2149,ou_2149,network_error,network_error,0,0,network_error,generic_html,,,a[href],confidence=high | 강서소통광장 > 장학,network_dns_or_tls_failure
ou_2163_univ_001,남부대학교 장학공지,남부대학교,https://www.nambu.ac.kr/board/NAMBU_BOARD_0016/boardList.do?menuCd=KR006006004,https://www.nambu.ac.kr,2163,ou_2163,empty_observed,empty_observed,0,0,empty_observed,generic_html,(mode=view|sMode=VIEW_FORM|iBrdContNo=|articleNo=|boardNo=|nttNo=|nttId=|idx=\d+|no=\d+|wr_id=\d+|boardSeq=\d+|b_idx=\d+|seq=\d+|uid=\d+|artclNo=|artclView\.do|notice-view\?id=|mod=document),tbody tr,a[href],confidence=high | 장학/학자금 공지,onclick_event_url_required
ou_2173_univ_001,남서울대학교 장학공지,남서울대학교,https://www.nsu.ac.kr/?m1=page&menu_id=134,https://www.nsu.ac.kr,2173,ou_2173,empty_observed,empty_observed,0,0,empty_observed,generic_html,,,a[href],confidence=medium | 장학공지 게시판,unknown_requires_manual_review
ou_2238_univ_001,대신대학교 장학공지,대신대학교,https://www.daeshin.ac.kr/html/05_community/01.php,https://www.daeshin.ac.kr,2238,ou_2238,network_error,network_error,0,0,network_error,generic_html,,,a[href],confidence=medium | 일반 공지 게시판; 전용 장학보드 미확인,network_dns_or_tls_failure
ou_2246_univ_001,대전대학교 장학공지,대전대학교,https://www.dju.ac.kr/dju/na/ntt/selectNttList.do?bbsId=1853&mi=3957,https://www.dju.ac.kr,2246,ou_2246,empty_observed,empty_observed,0,0,empty_observed,generic_html,(mode=view|sMode=VIEW_FORM|iBrdContNo=|articleNo=|boardNo=|nttNo=|nttId=|idx=\d+|no=\d+|wr_id=\d+|boardSeq=\d+|b_idx=\d+|seq=\d+|uid=\d+|artclNo=|artclView\.do|notice-view\?id=|mod=document),tbody tr,a[href],confidence=high | 장학 공지,onclick_event_url_required
ou_2257_univ_001,대진대학교 장학공지,대진대학교,https://www.daejin.ac.kr/daejin/1004/subview.do,https://www.daejin.ac.kr,2257,ou_2257,transport_redirect_limit,transport_redirect_limit,0,0,network_error,generic_html,(mode=view|sMode=VIEW_FORM|iBrdContNo=|articleNo=|boardNo=|nttNo=|nttId=|idx=\d+|no=\d+|wr_id=\d+|boardSeq=\d+|b_idx=\d+|seq=\d+|uid=\d+|artclNo=|artclView\.do|notice-view\?id=|mod=document),tbody tr,a[href],confidence=high | 장학 게시판,redirect_loop
ou_2266_univ_001,덕성여자대학교 장학공지,덕성여자대학교,https://www.duksung.ac.kr/bbs/board.do?bsIdx=36&menuId=1059,https://www.duksung.ac.kr,2266,ou_2266,empty_observed,empty_observed,0,0,empty_observed,generic_html,(mode=view|sMode=VIEW_FORM|iBrdContNo=|articleNo=|boardNo=|nttNo=|nttId=|idx=\d+|no=\d+|wr_id=\d+|boardSeq=\d+|b_idx=\d+|seq=\d+|uid=\d+|artclNo=|artclView\.do|notice-view\?id=|mod=document),,a[href],confidence=low | 공식 장학 보드이나 공개 목록 비어 있음; 실제 공지 분산,list_selector_mismatch
ou_12_univ_001,동국대학교 장학공지,동국대학교,https://scholarship.dongguk.edu/article/notice/list,https://scholarship.dongguk.edu,12,ou_12,empty_observed,empty_observed,0,0,empty_observed,generic_html,(mode=view|sMode=VIEW_FORM|iBrdContNo=|articleNo=|boardNo=|nttNo=|nttId=|idx=\d+|no=\d+|wr_id=\d+|boardSeq=\d+|b_idx=\d+|seq=\d+|uid=\d+|artclNo=|artclView\.do|notice-view\?id=|mod=document),tbody tr,a[href],confidence=high | 장학처 공지 목록,onclick_event_url_required
ou_2292_univ_001,동덕여자대학교 장학공지,동덕여자대학교,https://www.dongduk.ac.kr/www/contents/kor-noti.do?gotoMenuNo=kor-noti,https://www.dongduk.ac.kr,2292,ou_2292,empty_observed,empty_observed,0,0,empty_observed,generic_html,(mode=view|sMode=VIEW_FORM|iBrdContNo=|articleNo=|boardNo=|nttNo=|nttId=|idx=\d+|no=\d+|wr_id=\d+|boardSeq=\d+|b_idx=\d+|seq=\d+|uid=\d+|artclNo=|artclView\.do|notice-view\?id=|mod=document),,a[href],confidence=medium | 통합공지; [학생처][장학] 태그로 게시. 포털 bulletin도 사용,list_selector_mismatch
ou_2355_univ_001,루터대학교 장학공지,루터대학교,http://english.ltu.ac.kr/Board/bbs.list.php?bid=Notice,http://english.ltu.ac.kr,2355,ou_2355,attempt_timeout,attempt_timeout,0,0,timeout,generic_html,,,a[href],confidence=low | 일반 공지(장학 포함). 전용 장학게시판 미확인,timeout
ou_2401_univ_001,부산가톨릭대학교 장학공지,부산가톨릭대학교,https://www.cup.ac.kr/entrance/home/front/board/List294.do,https://www.cup.ac.kr,2401,ou_2401,empty_observed,empty_observed,0,0,empty_observed,generic_html,(mode=view|sMode=VIEW_FORM|iBrdContNo=|articleNo=|boardNo=|nttNo=|nttId=|idx=\d+|no=\d+|wr_id=\d+|boardSeq=\d+|b_idx=\d+|seq=\d+|uid=\d+|artclNo=|artclView\.do|notice-view\?id=|mod=document),tbody tr,a[href],confidence=high | CUP광장>장학공지,detail_url_resolution_failed
ou_2468_univ_001,상지대학교 장학공지,상지대학교,https://www.sangji.ac.kr/prog/bbsArticle/BBSMSTR_000000000042/list.do,https://www.sangji.ac.kr,2468,ou_2468,empty_observed,empty_observed,0,0,empty_observed,generic_html,(mode=view|sMode=VIEW_FORM|iBrdContNo=|articleNo=|boardNo=|nttNo=|nttId=|idx=\d+|no=\d+|wr_id=\d+|boardSeq=\d+|b_idx=\d+|seq=\d+|uid=\d+|artclNo=|artclView\.do|notice-view\?id=|mod=document),tbody tr,a[href],confidence=high,onclick_event_url_required
ou_2515_univ_001,서울교육대학교 장학공지,서울교육대학교,https://www.snue.ac.kr/snue/na/ntt/selectNttList.do?bbsId=1083&mi=3004,https://www.snue.ac.kr,2515,ou_2515,empty_observed,empty_observed,0,0,empty_observed,generic_html,(mode=view|sMode=VIEW_FORM|iBrdContNo=|articleNo=|boardNo=|nttNo=|nttId=|idx=\d+|no=\d+|wr_id=\d+|boardSeq=\d+|b_idx=\d+|seq=\d+|uid=\d+|artclNo=|artclView\.do|notice-view\?id=|mod=document),tbody tr,a[href],confidence=high | 교육지원>장학제도>공지사항,onclick_event_url_required
ou_10_univ_001,서울시립대학교 장학공지,서울시립대학교,https://scholarship.uos.ac.kr/scholarship/main.do?identified=anonymous,https://scholarship.uos.ac.kr,10,ou_10,empty_observed,empty_observed,0,0,empty_observed,generic_html,(mode=view|sMode=VIEW_FORM|iBrdContNo=|articleNo=|boardNo=|nttNo=|nttId=|idx=\d+|no=\d+|wr_id=\d+|boardSeq=\d+|b_idx=\d+|seq=\d+|uid=\d+|artclNo=|artclView\.do|notice-view\?id=|mod=document),tbody tr,a[href],confidence=medium | 장학 포털 메인에 공지 노출. 전용 list는 세션 의존으로 보임,onclick_event_url_required
ou_2579_univ_001,서울장신대학교 장학공지,서울장신대학교,https://www.sjs.ac.kr/ht_ml/w_03ed/3010.php,https://www.sjs.ac.kr,2579,ou_2579,network_error,network_error,0,0,network_error,generic_html,,,a[href],confidence=medium | 일반 공지(학생성장지원처 장학 공지 포함). 전용 장학보드 미확인,network_dns_or_tls_failure
ou_2700_univ_001,세한대학교 장학공지,세한대학교,https://house.sehan.ac.kr/main/board/janghakList1.do?sub_node=1_2,https://house.sehan.ac.kr,2700,ou_2700,empty_observed,empty_observed,0,0,empty_observed,generic_html,(mode=view|sMode=VIEW_FORM|iBrdContNo=|articleNo=|boardNo=|nttNo=|nttId=|idx=\d+|no=\d+|wr_id=\d+|boardSeq=\d+|b_idx=\d+|seq=\d+|uid=\d+|artclNo=|artclView\.do|notice-view\?id=|mod=document),tbody tr,a[href],confidence=high | 호등광장 장학공지 전용 게시판,onclick_event_url_required
ou_2791_univ_001,아신대학교 장학공지,아신대학교,https://www.acts.ac.kr/modules/board/bd_list.asp?id=board_notice05&left=unilife4_1,https://www.acts.ac.kr,2791,ou_2791,attempt_timeout,attempt_timeout,0,0,timeout,generic_html,,,a[href],confidence=high | 공지사항(장학) 전용 게시판,timeout
ou_2909_univ_001,용인대학교 장학공지,용인대학교,https://yongin.ac.kr/cmn/board/SYSTEM_DEFAULT000001/scholarList.do,https://yongin.ac.kr,2909,ou_2909,empty_observed,empty_observed,0,0,empty_observed,generic_html,(mode=view|sMode=VIEW_FORM|iBrdContNo=|articleNo=|boardNo=|nttNo=|nttId=|idx=\d+|no=\d+|wr_id=\d+|boardSeq=\d+|b_idx=\d+|seq=\d+|uid=\d+|artclNo=|artclView\.do|notice-view\?id=|mod=document),tbody tr,a[href],confidence=high | 장학 공지 전용 게시판,onclick_event_url_required
ou_2981_univ_001,을지대학교 장학공지,을지대학교,https://www.eulji.ac.kr/?menuno=4005,https://www.eulji.ac.kr,2981,ou_2981,network_error,network_error,0,0,network_error,generic_html,,,a[href],confidence=high | 공지사항-장학,network_dns_or_tls_failure
ou_3003_univ_001,인제대학교 장학공지,인제대학교,https://www.inje.ac.kr/kor/Template/Bsub_page.asp?Ltype=5&Ltype2=0&Ltype3=0&Tname=S_News&Ldir=board/S_News&Lpage=Tboard_L&div=10&d1n=5&d2n=1&d3n=6&d4n=0,https://www.inje.ac.kr,3003,ou_3003,network_error,network_error,0,0,network_error,generic_html,,,a[href],confidence=medium | 인제소식 > 장학 카테고리 목록(상세글 breadcrumb 기준),network_dns_or_tls_failure
ou_3064_univ_001,전북대학교 장학공지,전북대학교,https://www.jbnu.ac.kr/web/news/notice/sub01.do,https://www.jbnu.ac.kr,3064,ou_3064,empty_observed,empty_observed,0,0,empty_observed,generic_html,(mode=view|sMode=VIEW_FORM|iBrdContNo=|articleNo=|boardNo=|nttNo=|nttId=|idx=\d+|no=\d+|wr_id=\d+|boardSeq=\d+|b_idx=\d+|seq=\d+|uid=\d+|artclNo=|artclView\.do|notice-view\?id=|mod=document),tbody tr,a[href],confidence=medium | 교내공지 통합 게시판(#장학 태그 공지 혼재),onclick_event_url_required
ou_8_univ_001,중앙대학교 장학공지,중앙대학교,https://www.cau.ac.kr/cms/FR_CON/index.do?MENU_ID=100&CONTENTS_NO=5&P_TAB_NO=5,https://www.cau.ac.kr,8,ou_8,empty_observed,empty_observed,0,0,empty_observed,generic_html,(mode=view|sMode=VIEW_FORM|iBrdContNo=|articleNo=|boardNo=|nttNo=|nttId=|idx=\d+|no=\d+|wr_id=\d+|boardSeq=\d+|b_idx=\d+|seq=\d+|uid=\d+|artclNo=|artclView\.do|notice-view\?id=|mod=document),tbody tr,a[href],confidence=high | notice_sources,list_selector_mismatch
ou_3187_univ_001,창신대학교 장학공지,창신대학교,https://www.cs.ac.kr/board/board_community1?category_id=5,https://www.cs.ac.kr,3187,ou_3187,network_error,network_error,0,0,network_error,generic_html,,,a[href],confidence=high | 공지사항 > 장학 카테고리 필터,network_dns_or_tls_failure
ou_3198_univ_001,청주교육대학교 장학공지,청주교육대학교,https://www.cje.ac.kr/web/board/brdList.do?menu_cd=000219,https://www.cje.ac.kr,3198,ou_3198,empty_observed,empty_observed,0,0,empty_observed,generic_html,(mode=view|sMode=VIEW_FORM|iBrdContNo=|articleNo=|boardNo=|nttNo=|nttId=|idx=\d+|no=\d+|wr_id=\d+|boardSeq=\d+|b_idx=\d+|seq=\d+|uid=\d+|artclNo=|artclView\.do|notice-view\?id=|mod=document),,a[href],confidence=high | 전용 장학공지,list_selector_mismatch
ou_3209_univ_001,초당대학교 장학공지,초당대학교,https://dream.cdu.ac.kr/mod/board/list.do?MID=DRM_B05010100,https://dream.cdu.ac.kr,3209,ou_3209,empty_observed,empty_observed,0,0,empty_observed,generic_html,(mode=view|sMode=VIEW_FORM|iBrdContNo=|articleNo=|boardNo=|nttNo=|nttId=|idx=\d+|no=\d+|wr_id=\d+|boardSeq=\d+|b_idx=\d+|seq=\d+|uid=\d+|artclNo=|artclView\.do|notice-view\?id=|mod=document),tbody tr,a[href],confidence=high | 초당 장학안내 사이트 공지사항,detail_url_resolution_failed
ou_3229_univ_001,충남대학교 장학공지,충남대학교,https://plus.cnu.ac.kr/_prog/_board/?code=sub07_0713,https://plus.cnu.ac.kr,3229,ou_3229,partial,partial,12,0,partial,generic_html,,,a[href],confidence=high | 백마광장 > 장학게시판,unknown_requires_manual_review
ou_3342_univ_001,한국전통문화대학교 장학공지,한국전통문화대학교,http://www.nuch.ac.kr/mec/ots/brd/list.do?mnuBaseId=MNU0000146&topBaseId=MNU0000009&tplSer=2,http://www.nuch.ac.kr,3342,ou_3342,network_error,network_error,0,0,network_error,generic_html,(mode=view|sMode=VIEW_FORM|iBrdContNo=|articleNo=|boardNo=|nttNo=|nttId=|idx=\d+|no=\d+|wr_id=\d+|boardSeq=\d+|b_idx=\d+|seq=\d+|uid=\d+|artclNo=|artclView\.do|notice-view\?id=|mod=document),tbody tr,a[href],confidence=medium | 대학홍보 공지사항,network_dns_or_tls_failure
ou_3436_univ_001,한밭대학교(산업대) 장학공지,한밭대학교(산업대),https://www.hanbat.ac.kr/bbs/BBSMSTR_000000001261/list.do,https://www.hanbat.ac.kr,3436,ou_3436,empty_observed,empty_observed,0,0,empty_observed,generic_html,(mode=view|sMode=VIEW_FORM|iBrdContNo=|articleNo=|boardNo=|nttNo=|nttId=|idx=\d+|no=\d+|wr_id=\d+|boardSeq=\d+|b_idx=\d+|seq=\d+|uid=\d+|artclNo=|artclView\.do|notice-view\?id=|mod=document),tbody tr,a[href],confidence=medium | 국립한밭대학교 장학공지,onclick_event_url_required
ou_3437_univ_001,한서대학교 장학공지,한서대학교,https://www.hanseo.ac.kr/boardCnts/list.do?boardID=301&m=040104&s=hs,https://www.hanseo.ac.kr,3437,ou_3437,empty_observed,empty_observed,0,0,empty_observed,generic_html,(mode=view|sMode=VIEW_FORM|iBrdContNo=|articleNo=|boardNo=|nttNo=|nttId=|idx=\d+|no=\d+|wr_id=\d+|boardSeq=\d+|b_idx=\d+|seq=\d+|uid=\d+|artclNo=|artclView\.do|notice-view\?id=|mod=document),tbody tr,a[href],confidence=high | 장학공지,onclick_event_url_required
ou_3509_univ_001,한일장신대학교 장학공지,한일장신대학교,https://www.hanil.ac.kr/portal/default/bbs/list.do?menuId=M0004000100040000,https://www.hanil.ac.kr,3509,ou_3509,empty_observed,empty_observed,0,0,empty_observed,generic_html,(mode=view|sMode=VIEW_FORM|iBrdContNo=|articleNo=|boardNo=|nttNo=|nttId=|idx=\d+|no=\d+|wr_id=\d+|boardSeq=\d+|b_idx=\d+|seq=\d+|uid=\d+|artclNo=|artclView\.do|notice-view\?id=|mod=document),,a[href],confidence=medium | 장학공지 메뉴,list_selector_mismatch
ou_3518_univ_001,협성대학교 장학공지,협성대학교,https://www.uhs.ac.kr/uhs/155/subview.do,https://www.uhs.ac.kr,3518,ou_3518,empty_observed,empty_observed,0,0,empty_observed,generic_html,(mode=view|sMode=VIEW_FORM|iBrdContNo=|articleNo=|boardNo=|nttNo=|nttId=|idx=\d+|no=\d+|wr_id=\d+|boardSeq=\d+|b_idx=\d+|seq=\d+|uid=\d+|artclNo=|artclView\.do|notice-view\?id=|mod=document),tbody tr,a[href],confidence=medium | 협성소식(장학 글 포함),onclick_event_url_required
ou_1618_univ_001,화성의과학대학교 장학공지,화성의과학대학교,https://www.hsmu.ac.kr/user/board/HSMU40102000_list_HSMU40102000.do,https://www.hsmu.ac.kr,1618,ou_1618,network_error,network_error,0,0,network_error,generic_html,(mode=view|sMode=VIEW_FORM|iBrdContNo=|articleNo=|boardNo=|nttNo=|nttId=|idx=\d+|no=\d+|wr_id=\d+|boardSeq=\d+|b_idx=\d+|seq=\d+|uid=\d+|artclNo=|artclView\.do|notice-view\?id=|mod=document),tbody tr,a[href],confidence=high | 장학공지,network_dns_or_tls_failure
