source_id,university_name,list_url,prior_error_bucket,probe_cluster,probe_root_cause,probe_confidence,probe_evidence,crawl_final_status,crawl_reason_code,crawled_count,matched_count,enabled,outcome,outcome_confidence,outcome_detail
ou_1732_univ_001,감리교신학대학교,https://www.mtu.ac.kr/mtu/board/list.do?mId=160,empty_observed,selector_mismatch,list_selector_mismatch,high,http=200; final_url=https://www.mtu.ac.kr/mtu/board/list.do?mId=160; size=213462; anchors=582; candidates=303; selector_matches=34; patterns=view.do|hash_only|javascript:; cms=portal_or_login; onclicks=0; iframe=true; js=false; login=true; empty=false,success,success,9,9,true,recovered_with_items,confirmed,crawled=9; matched=9
ou_1737_univ_001,강남대학교,https://web.kangnam.ac.kr/menu/f19069e6134f8f8aa7f689a4a675e66f.do?searchMenuSeq=117,empty_observed,http_403_waf,login_required,confirmed,http=200; final_url=https://web.kangnam.ac.kr/menu/f19069e6134f8f8aa7f689a4a675e66f.do?searchMenuSeq=117; size=85814; anchors=305; candidates=0; selector_matches=0; patterns=hash_only; cms=portal_or_login; onclicks=5; iframe=false; js=false; login=true; empty=false,empty_observed,empty_observed,0,0,true,verified_external_block,confirmed,http=200; final_url=https://web.kangnam.ac.kr/menu/f19069e6134f8f8aa7f689a4a675e66f.do?searchMenuSeq=117; size=85814; anchors=305; candidates=0; selector_matches=0; patterns=hash_only; cms=portal_or_login; onclicks=5; iframe=false; js=false; login=true; empty=false
ou_1745_univ_001,강서대학교,https://gangseo.ac.kr/kcua/boardList?menuCode=BC0703,attempt_timeout,onclick_post_event_url,detail_url_resolution_failed,high,http=200; final_url=https://gangseo.ac.kr/kcua/boardList?menuCode=BC0703; size=55057; anchors=275; candidates=1; selector_matches=0; patterns=javascript:|hash_only|uid=; cms=portal_or_login; onclicks=0; iframe=false; js=false; login=true; empty=false,empty_observed,empty_observed,0,0,true,still_unresolved,high,finalStatus=empty_observed; reason=empty_observed; root=detail_url_resolution_failed; cluster=onclick_post_event_url
ou_1751_univ_001,강원대학교,https://itcall.kangwon.ac.kr/www/selectBbsNttList.do?bbsNo=34&key=232,http_error,http_403_waf,http_403,confirmed,http=403; final_url=https://itcall.kangwon.ac.kr/www/selectBbsNttList.do?bbsNo=34&key=232; size=1579; anchors=2; candidates=0; selector_matches=0; patterns=javascript:; cms=egovframe_bbs; onclicks=0; iframe=false; js=false; login=false; empty=false,http_error,http_error,0,0,true,verified_external_block,confirmed,HTTP 403; http=403; final_url=https://itcall.kangwon.ac.kr/www/selectBbsNttList.do?bbsNo=34&key=232; size=1579; anchors=2; candidates=0; selector_matches=0; patterns=javascript:; cms=egovframe_bbs; onclicks=0; iframe=false; js=false; login=false; empty=false
ou_1779_univ_001,건국대학교(글로컬),https://www.kku.ac.kr/cms/FR_CON/index.do?MENU_ID=1750,empty_observed,onclick_post_event_url,detail_url_resolution_failed,high,http=200; final_url=https://www.kku.ac.kr/cms/FR_CON/index.do?MENU_ID=1750; size=1374107; anchors=543; candidates=5; selector_matches=0; patterns=view.do; cms=portal_or_login; onclicks=5; iframe=false; js=false; login=true; empty=true,success,success,15,15,true,recovered_with_items,confirmed,crawled=15; matched=15
ou_1786_univ_001,건양대학교,https://www.konyang.ac.kr/cop/bbs/BBSMSTR_000000000585/selectBoardList.do,attempt_timeout,selector_mismatch,list_selector_mismatch,high,http=200; final_url=https://www.konyang.ac.kr/cop/bbs/BBSMSTR_000000000585/selectBoardList.do; size=137734; anchors=780; candidates=51; selector_matches=16; patterns=javascript:|view.do|nttId=|hash_only; cms=portal_or_login; onclicks=5; iframe=false; js=false; login=true; empty=false,success,success,11,11,true,recovered_with_items,confirmed,crawled=11; matched=11
ou_1821_univ_001,경남과학기술대학교,https://www.gnu.ac.kr/eng/na/ntt/selectNttList.do?bbsId=12788&mi=49470,empty_observed,selector_mismatch,list_selector_mismatch,high,http=200; final_url=https://www.gnu.ac.kr/eng/na/ntt/selectNttList.do?bbsId=12788&mi=49470; size=98039; anchors=167; candidates=104; selector_matches=12; patterns=view.do|hash_only|javascript:; cms=unknown; onclicks=5; iframe=false; js=false; login=false; empty=false,disabled,disabled_duplicate_or_inactive,0,0,false,replacement_source_found,confirmed,"경남과학기술대는 2021년 경상국립대(GNU)로 통합. 동일 list_url 중복 수집 방지를 위해 ou_1821 비활성화, 공식 운영 주체 보드는 ou_1864_univ_001로 통합."
ou_1864_univ_001,경상국립대학교,https://www.gnu.ac.kr/eng/na/ntt/selectNttList.do?bbsId=12788&mi=49470,empty_observed,selector_mismatch,list_selector_mismatch,high,http=200; final_url=https://www.gnu.ac.kr/eng/na/ntt/selectNttList.do?bbsId=12788&mi=49470; size=98039; anchors=167; candidates=104; selector_matches=12; patterns=view.do|hash_only|javascript:; cms=unknown; onclicks=5; iframe=false; js=false; login=false; empty=false,success,success,8,8,true,recovered_with_items,confirmed,crawled=8; matched=8
ou_1888_univ_001,경운대학교,https://www.ikw.ac.kr/page/link.tc?mn=2589&pageSeq=1929,network_error,tls_network_timeout,network_dns_or_tls_failure,high,fetch_error=fetch failed,network_error,transport_http_forbidden,0,0,true,temporarily_unavailable,high,fetch_error=fetch failed; fetch_error=fetch failed
ou_1923_univ_001,계명대학교,https://www.kmu.ac.kr/uni/main/page.jsp?mnu_uid=145,network_error,tls_network_timeout,network_dns_or_tls_failure,high,fetch_error=fetch failed,network_error,network_error,0,0,true,temporarily_unavailable,high,fetch_error=fetch failed; fetch_error=fetch failed
ou_1_univ_001,고려대학교,https://scholarship.korea.ac.kr/scholarship/application/notice.do,network_error,tls_network_timeout,network_dns_or_tls_failure,high,fetch_error=terminated,network_error,network_error,0,0,true,temporarily_unavailable,high,fetch_error=terminated; fetch_error=terminated
ou_1986_univ_001,광신대학교,https://www.kwangshin.ac.kr/front/boardList.do?brd_mgrno=180&menu_no=442,empty_observed,selector_mismatch,list_selector_mismatch,high,http=200; final_url=https://www.kwangshin.ac.kr/front/boardList.do?brd_mgrno=180&menu_no=442; size=53828; anchors=234; candidates=1; selector_matches=12; patterns=hash_only|view.do|javascript:; cms=portal_or_login; onclicks=5; iframe=false; js=false; login=true; empty=false,empty_observed,empty_observed,0,0,true,still_unresolved,high,finalStatus=empty_observed; reason=empty_observed; root=list_selector_mismatch; cluster=selector_mismatch
ou_2015_univ_001,광주여자대학교,https://www.kwu.ac.kr/mod/board/list.do?MID=KWU_B06010401,empty_observed,http_403_waf,login_required,confirmed,http=200; final_url=https://www.kwu.ac.kr/mod/board/list.do?MID=KWU_B06010401; size=588; anchors=0; candidates=0; selector_matches=0; patterns=none; cms=portal_or_login; onclicks=0; iframe=true; js=false; login=true; empty=false,empty_observed,empty_observed,0,0,true,verified_external_block,confirmed,http=200; final_url=https://www.kwu.ac.kr/mod/board/list.do?MID=KWU_B06010401; size=588; anchors=0; candidates=0; selector_matches=0; patterns=none; cms=portal_or_login; onclicks=0; iframe=true; js=false; login=true; empty=false
ou_2062_univ_001,국립목포해양대학교,https://www.mmu.ac.kr/main/board/303,network_error,tls_network_timeout,network_dns_or_tls_failure,high,fetch_error=fetch failed,network_error,network_error,0,0,true,temporarily_unavailable,high,fetch_error=fetch failed; fetch_error=fetch failed
ou_2074_univ_001,국립순천대학교,https://www.scnu.ac.kr/SCNU/na/ntt/selectNttList.do?bbsId=4487&mi=8690,empty_observed,selector_mismatch,list_selector_mismatch,high,http=200; final_url=https://www.scnu.ac.kr/SCNU/na/ntt/selectNttList.do?bbsId=4487&mi=8690; size=115590; anchors=450; candidates=93; selector_matches=10; patterns=hash_only|view.do|javascript:; cms=portal_or_login; onclicks=5; iframe=false; js=false; login=true; empty=false,success,success,9,9,true,recovered_with_items,confirmed,crawled=9; matched=9
ou_2081_univ_001,국립창원대학교,https://www.changwon.ac.kr/haksa/na/ntt/selectNttList.do?bbsId=5849&mi=15814,empty_observed,selector_mismatch,list_selector_mismatch,high,http=200; final_url=https://www.changwon.ac.kr/haksa/na/ntt/selectNttList.do?bbsId=5849&mi=15814; size=95225; anchors=156; candidates=71; selector_matches=23; patterns=hash_only|view.do|javascript:; cms=portal_or_login; onclicks=5; iframe=false; js=false; login=true; empty=false,success,success,12,12,true,recovered_with_items,confirmed,crawled=12; matched=12
ou_2097_univ_001,국립한국해양대학교,https://www.kmou.ac.kr/kmou/na/ntt/selectNttList.do?mi=5691&bbsId=1041,http_error,other,unknown_requires_manual_review,unknown,http=404; final_url=https://www.kmou.ac.kr/kmou/na/ntt/selectNttList.do?mi=5691&bbsId=1041; size=211; anchors=0; candidates=0; selector_matches=0; patterns=none; cms=unknown; onclicks=0; iframe=false; js=false; login=false; empty=false,http_error,http_error,0,0,true,replacement_source_not_found,high,Configured list_url HTTP 404 (invalid_list_url). Official kmou.ac.kr board IDs near mi=5689–5691 also 404; no verified central scholarship board replacement confirmed this pass.
ou_2106_univ_001,국립한밭대학교,https://www.hanbat.ac.kr/bbs/BBSMSTR_000000001261/list.do,empty_observed,selector_mismatch,list_selector_mismatch,high,http=200; final_url=https://www.hanbat.ac.kr/bbs/BBSMSTR_000000001261/list.do; size=445541; anchors=529; candidates=16; selector_matches=13; patterns=view.do|nttId=; cms=portal_or_login; onclicks=5; iframe=false; js=false; login=true; empty=false,timeout,attempt_timeout,0,0,true,temporarily_unavailable,high,fetch_error=attempt_timeout; http=200; final_url=https://www.hanbat.ac.kr/bbs/BBSMSTR_000000001261/list.do; size=445541; anchors=529; candidates=16; selector_matches=13; patterns=view.do|nttId=; cms=portal_or_login; onclicks=5; iframe=false; js=false; login=true; empty=false
ou_2112_univ_001,국민대학교,https://www.kookmin.ac.kr/user/kmuNews/notice/7/index.do,empty_observed,selector_mismatch,list_selector_mismatch,high,http=200; final_url=https://www.kookmin.ac.kr/user/kmuNews/notice/7/index.do; size=105044; anchors=461; candidates=21; selector_matches=10; patterns=hash_only|view.do|uid=; cms=portal_or_login; onclicks=5; iframe=true; js=false; login=true; empty=false,empty_observed,empty_observed,0,0,true,still_unresolved,high,finalStatus=empty_observed; reason=empty_observed; root=list_selector_mismatch; cluster=selector_mismatch
ou_2149_univ_001,김천대학교,https://www.kcu.ac.kr/kcua/boardList?menuCode=BC0703,network_error,tls_network_timeout,network_dns_or_tls_failure,high,fetch_error=fetch failed,network_error,network_error,0,0,true,temporarily_unavailable,high,fetch_error=fetch failed; fetch_error=fetch failed
ou_2163_univ_001,남부대학교,https://www.nambu.ac.kr/board/NAMBU_BOARD_0016/boardList.do?menuCd=KR006006004,empty_observed,selector_mismatch,list_selector_mismatch,high,http=200; final_url=https://www.nambu.ac.kr/board/NAMBU_BOARD_0016/boardList.do?menuCd=KR006006004; size=155710; anchors=483; candidates=81; selector_matches=10; patterns=view.do|javascript:|hash_only; cms=portal_or_login; onclicks=5; iframe=false; js=false; login=true; empty=false,success,success,10,10,true,recovered_with_items,confirmed,crawled=10; matched=10
ou_2173_univ_001,남서울대학교,https://www.nsu.ac.kr/?m1=page&menu_id=134,empty_observed,http_403_waf,login_required,confirmed,http=200; final_url=https://www.nsu.ac.kr/?m1=page&menu_id=134; size=147368; anchors=5; candidates=0; selector_matches=0; patterns=none; cms=portal_or_login; onclicks=0; iframe=false; js=false; login=true; empty=false,empty_observed,empty_observed,0,0,true,verified_external_block,confirmed,http=200; final_url=https://www.nsu.ac.kr/?m1=page&menu_id=134; size=147368; anchors=5; candidates=0; selector_matches=0; patterns=none; cms=portal_or_login; onclicks=0; iframe=false; js=false; login=true; empty=false
ou_2238_univ_001,대신대학교,https://www.daeshin.ac.kr/html/05_community/01.php,network_error,tls_network_timeout,network_dns_or_tls_failure,high,fetch_error=fetch failed,network_error,network_error,0,0,true,temporarily_unavailable,high,fetch_error=fetch failed; fetch_error=fetch failed
ou_2246_univ_001,대전대학교,https://www.dju.ac.kr/dju/na/ntt/selectNttList.do?bbsId=1853&mi=3957,empty_observed,selector_mismatch,list_selector_mismatch,high,http=200; final_url=https://www.dju.ac.kr/dju/na/ntt/selectNttList.do?bbsId=1853&mi=3957; size=160433; anchors=545; candidates=197; selector_matches=14; patterns=hash_only|javascript:|view.do; cms=portal_or_login; onclicks=5; iframe=false; js=false; login=true; empty=false,success,success,11,11,true,recovered_with_items,confirmed,crawled=11; matched=11
ou_2257_univ_001,대진대학교,https://www.daejin.ac.kr/daejin/1004/subview.do,transport_redirect_limit,tls_network_timeout,network_dns_or_tls_failure,high,fetch_error=fetch failed,network_error,transport_redirect_limit,0,0,true,temporarily_unavailable,high,fetch_error=fetch failed; fetch_error=fetch failed
ou_2266_univ_001,덕성여자대학교,https://www.duksung.ac.kr/bbs/board.do?bsIdx=36&menuId=1059,empty_observed,onclick_post_event_url,detail_url_resolution_failed,high,http=200; final_url=https://www.duksung.ac.kr/bbs/board.do?bsIdx=36&menuId=1059; size=220156; anchors=788; candidates=627; selector_matches=0; patterns=hash_only|uid=|view.do; cms=portal_or_login; onclicks=2; iframe=false; js=false; login=true; empty=false,success,success,14,14,true,recovered_with_items,confirmed,crawled=14; matched=14
ou_12_univ_001,동국대학교,https://scholarship.dongguk.edu/article/notice/list,empty_observed,onclick_post_event_url,onclick_javascript,confirmed,http=200; final_url=https://scholarship.dongguk.edu/article/notice/list; size=83829; anchors=92; candidates=0; selector_matches=16; patterns=javascript:|hash_only; cms=unknown; onclicks=5; iframe=false; js=false; login=false; empty=false,success,success,13,13,true,recovered_with_items,confirmed,crawled=13; matched=13
ou_2292_univ_001,동덕여자대학교,https://www.dongduk.ac.kr/www/contents/kor-noti.do?gotoMenuNo=kor-noti,empty_observed,onclick_post_event_url,detail_url_resolution_failed,high,http=200; final_url=https://www.dongduk.ac.kr/www/contents/kor-noti.do?gotoMenuNo=kor-noti; size=96235; anchors=386; candidates=17; selector_matches=0; patterns=javascript:|hash_only; cms=portal_or_login; onclicks=5; iframe=false; js=false; login=true; empty=true,empty_observed,empty_observed,0,0,true,still_unresolved,high,finalStatus=empty_observed; reason=empty_observed; root=detail_url_resolution_failed; cluster=onclick_post_event_url
ou_2355_univ_001,루터대학교,http://english.ltu.ac.kr/Board/bbs.list.php?bid=Notice,attempt_timeout,invalid_list_url,not_a_notice_list,medium,http=200; final_url=http://english.ltu.ac.kr/Board/bbs.list.php?bid=Notice; size=135; anchors=0; candidates=0; selector_matches=0; patterns=none; cms=unknown; onclicks=0; iframe=false; js=false; login=false; empty=false,empty_observed,empty_observed,0,0,true,replacement_source_not_found,high,Configured English notice URL is invalid/dead (invalid_list_url; hosts resolve to 404 parking). Official Korean central scholarship board URL not confirmed this pass — not enough evidence to claim verified absence.
ou_2401_univ_001,부산가톨릭대학교,https://www.cup.ac.kr/entrance/home/front/board/List294.do,empty_observed,invalid_list_url,not_a_notice_list,medium,http=200; final_url=https://www.cup.ac.kr/entrance/home/front/board/List294.do; size=1681; anchors=1; candidates=0; selector_matches=2; patterns=javascript:; cms=unknown; onclicks=0; iframe=false; js=false; login=false; empty=false,success,success,13,13,true,recovered_with_items,confirmed,crawled=13; matched=13
ou_2468_univ_001,상지대학교,https://www.sangji.ac.kr/prog/bbsArticle/BBSMSTR_000000000042/list.do,empty_observed,selector_mismatch,list_selector_mismatch,high,http=200; final_url=https://www.sangji.ac.kr/prog/bbsArticle/BBSMSTR_000000000042/list.do; size=439868; anchors=476; candidates=11; selector_matches=13; patterns=view.do|nttId=|hash_only; cms=portal_or_login; onclicks=5; iframe=false; js=false; login=true; empty=false,success,success,11,11,true,recovered_with_items,confirmed,crawled=11; matched=11
ou_2515_univ_001,서울교육대학교,https://www.snue.ac.kr/snue/na/ntt/selectNttList.do?bbsId=1083&mi=3004,empty_observed,selector_mismatch,list_selector_mismatch,high,http=200; final_url=https://www.snue.ac.kr/snue/na/ntt/selectNttList.do?bbsId=1083&mi=3004; size=89134; anchors=258; candidates=75; selector_matches=16; patterns=view.do|javascript:|hash_only; cms=portal_or_login; onclicks=5; iframe=false; js=false; login=true; empty=false,success,success,11,11,true,recovered_with_items,confirmed,crawled=11; matched=11
ou_10_univ_001,서울시립대학교,https://scholarship.uos.ac.kr/scholarship/main.do?identified=anonymous,empty_observed,selector_mismatch,list_selector_mismatch,high,http=200; final_url=https://scholarship.uos.ac.kr/scholarship/main.do?identified=anonymous; size=37140; anchors=111; candidates=8; selector_matches=6; patterns=hash_only; cms=portal_or_login; onclicks=5; iframe=false; js=false; login=true; empty=false,success,success,7,0,true,recovered_with_items,confirmed,crawled=7; matched=0
ou_2579_univ_001,서울장신대학교,https://www.sjs.ac.kr/ht_ml/w_03ed/3010.php,network_error,tls_network_timeout,network_dns_or_tls_failure,high,fetch_error=fetch failed,network_error,network_error,0,0,true,temporarily_unavailable,high,fetch_error=fetch failed; fetch_error=fetch failed
ou_2700_univ_001,세한대학교,https://house.sehan.ac.kr/main/board/janghakList1.do?sub_node=1_2,empty_observed,http_403_waf,login_required,confirmed,http=200; final_url=https://house.sehan.ac.kr/main/board/janghakList1.do?sub_node=1_2; size=45235; anchors=283; candidates=0; selector_matches=3; patterns=hash_only; cms=portal_or_login; onclicks=2; iframe=false; js=false; login=true; empty=false,empty_observed,empty_observed,0,0,true,verified_external_block,confirmed,http=200; final_url=https://house.sehan.ac.kr/main/board/janghakList1.do?sub_node=1_2; size=45235; anchors=283; candidates=0; selector_matches=3; patterns=hash_only; cms=portal_or_login; onclicks=2; iframe=false; js=false; login=true; empty=false
ou_2791_univ_001,아신대학교,https://www.acts.ac.kr/modules/board/bd_list.asp?id=board_notice05&left=unilife4_1,attempt_timeout,onclick_post_event_url,detail_url_resolution_failed,high,http=200; final_url=https://www.acts.ac.kr/modules/board/bd_list.asp?id=board_notice05&left=unilife4_1; size=69635; anchors=217; candidates=4; selector_matches=0; patterns=hash_only|javascript:|uid=; cms=portal_or_login; onclicks=0; iframe=false; js=false; login=true; empty=false,timeout,attempt_timeout,0,0,true,temporarily_unavailable,high,fetch_error=attempt_timeout; http=200; final_url=https://www.acts.ac.kr/modules/board/bd_list.asp?id=board_notice05&left=unilife4_1; size=69635; anchors=217; candidates=4; selector_matches=0; patterns=hash_only|javascript:|uid=; cms=portal_or_login; onclicks=0; iframe=false; js=false; login=true; empty=false
ou_2909_univ_001,용인대학교,https://yongin.ac.kr/cmn/board/SYSTEM_DEFAULT000001/scholarList.do,empty_observed,selector_mismatch,list_selector_mismatch,high,http=200; final_url=https://yongin.ac.kr/cmn/board/SYSTEM_DEFAULT000001/scholarList.do; size=86186; anchors=253; candidates=3; selector_matches=22; patterns=hash_only|javascript:|view.do; cms=portal_or_login; onclicks=5; iframe=true; js=false; login=true; empty=false,success,success,9,9,true,recovered_with_items,confirmed,crawled=9; matched=9
ou_2981_univ_001,을지대학교,https://www.eulji.ac.kr/?menuno=4005,network_error,tls_network_timeout,network_dns_or_tls_failure,high,fetch_error=fetch failed,network_error,network_error,0,0,true,temporarily_unavailable,high,fetch_error=fetch failed; fetch_error=fetch failed
ou_3003_univ_001,인제대학교,https://www.inje.ac.kr/kor/Template/Bsub_page.asp?Ltype=5&Ltype2=0&Ltype3=0&Tname=S_News&Ldir=board/S_News&Lpage=Tboard_L&div=10&d1n=5&d2n=1&d3n=6&d4n=0,network_error,tls_network_timeout,network_dns_or_tls_failure,high,fetch_error=fetch failed,network_error,network_error,0,0,true,temporarily_unavailable,high,fetch_error=fetch failed; fetch_error=fetch failed
ou_3064_univ_001,전북대학교,https://www.jbnu.ac.kr/web/news/notice/sub01.do,empty_observed,selector_mismatch,list_selector_mismatch,high,http=200; final_url=https://www.jbnu.ac.kr/web/news/notice/sub01.do; size=246681; anchors=738; candidates=27; selector_matches=16; patterns=view.do|javascript:|uid=; cms=portal_or_login; onclicks=5; iframe=false; js=false; login=true; empty=false,success,success,7,7,true,recovered_with_items,confirmed,crawled=7; matched=7
ou_8_univ_001,중앙대학교,https://www.cau.ac.kr/cms/FR_CON/index.do?MENU_ID=100&CONTENTS_NO=5&P_TAB_NO=5,empty_observed,selector_mismatch,list_selector_mismatch,high,http=200; final_url=https://www.cau.ac.kr/cms/FR_CON/index.do?MENU_ID=100&CONTENTS_NO=5&P_TAB_NO=5; size=1040689; anchors=554; candidates=3; selector_matches=0; patterns=javascript:|view.do|hash_only; cms=portal_or_login; onclicks=1; iframe=false; js=false; login=true; empty=true,success,success,19,19,true,recovered_with_items,confirmed,crawled=19; matched=19
ou_3187_univ_001,창신대학교,https://www.cs.ac.kr/board/board_community1?category_id=5,network_error,tls_network_timeout,network_dns_or_tls_failure,high,fetch_error=fetch failed,network_error,network_error,0,0,true,temporarily_unavailable,high,fetch_error=fetch failed; fetch_error=fetch failed
ou_3198_univ_001,청주교육대학교,https://www.cje.ac.kr/web/board/brdList.do?menu_cd=000219,empty_observed,http_403_waf,login_required,confirmed,http=200; final_url=https://www.cje.ac.kr/web/board/brdList.do?menu_cd=000219; size=400943; anchors=506; candidates=0; selector_matches=0; patterns=javascript:|hash_only; cms=portal_or_login; onclicks=3; iframe=false; js=false; login=true; empty=true,empty_observed,empty_observed,0,0,true,verified_external_block,confirmed,http=200; final_url=https://www.cje.ac.kr/web/board/brdList.do?menu_cd=000219; size=400943; anchors=506; candidates=0; selector_matches=0; patterns=javascript:|hash_only; cms=portal_or_login; onclicks=3; iframe=false; js=false; login=true; empty=true
ou_3209_univ_001,초당대학교,https://dream.cdu.ac.kr/mod/board/list.do?MID=DRM_B05010100,empty_observed,selector_mismatch,list_selector_mismatch,high,http=200; final_url=https://dream.cdu.ac.kr/mod/board/list.do?MID=DRM_B05010100; size=34881; anchors=159; candidates=67; selector_matches=10; patterns=hash_only|view.do; cms=portal_or_login; onclicks=0; iframe=false; js=false; login=true; empty=false,success,success,3,3,true,recovered_with_items,confirmed,crawled=3; matched=3
ou_3229_univ_001,충남대학교,https://plus.cnu.ac.kr/_prog/_board/?code=sub07_0713,partial,http_403_waf,login_required,confirmed,http=200; final_url=https://plus.cnu.ac.kr/_prog/_board/?code=sub07_0713; size=96736; anchors=627; candidates=0; selector_matches=0; patterns=hash_only; cms=portal_or_login; onclicks=5; iframe=false; js=false; login=true; empty=false,success,success,10,0,true,recovered_with_items,confirmed,crawled=10; matched=0
ou_3342_univ_001,한국전통문화대학교,http://www.nuch.ac.kr/mec/ots/brd/list.do?mnuBaseId=MNU0000146&topBaseId=MNU0000009&tplSer=2,network_error,tls_network_timeout,network_dns_or_tls_failure,high,fetch_error=fetch failed,network_error,network_error,0,0,true,temporarily_unavailable,high,fetch_error=fetch failed; fetch_error=fetch failed
ou_3436_univ_001,한밭대학교(산업대),https://www.hanbat.ac.kr/bbs/BBSMSTR_000000001261/list.do,empty_observed,selector_mismatch,list_selector_mismatch,high,http=200; final_url=https://www.hanbat.ac.kr/bbs/BBSMSTR_000000001261/list.do; size=445541; anchors=529; candidates=16; selector_matches=13; patterns=view.do|nttId=; cms=portal_or_login; onclicks=5; iframe=false; js=false; login=true; empty=false,timeout,attempt_timeout,0,0,true,temporarily_unavailable,high,fetch_error=attempt_timeout; http=200; final_url=https://www.hanbat.ac.kr/bbs/BBSMSTR_000000001261/list.do; size=445541; anchors=529; candidates=16; selector_matches=13; patterns=view.do|nttId=; cms=portal_or_login; onclicks=5; iframe=false; js=false; login=true; empty=false
ou_3437_univ_001,한서대학교,https://www.hanseo.ac.kr/boardCnts/list.do?boardID=301&m=040104&s=hs,empty_observed,selector_mismatch,list_selector_mismatch,high,http=200; final_url=https://www.hanseo.ac.kr/boardCnts/list.do?boardID=301&m=040104&s=hs; size=61503; anchors=263; candidates=34; selector_matches=32; patterns=hash_only|view.do|javascript:; cms=boardcnts; onclicks=5; iframe=false; js=false; login=true; empty=false,success,success,13,13,true,recovered_with_items,confirmed,crawled=13; matched=13
ou_3509_univ_001,한일장신대학교,https://www.hanil.ac.kr/portal/default/bbs/list.do?menuId=M0004000100040000,empty_observed,onclick_post_event_url,detail_url_resolution_failed,high,http=200; final_url=https://www.hanil.ac.kr/portal/default/bbs/list.do?menuId=M0004000100040000; size=118717; anchors=419; candidates=322; selector_matches=0; patterns=javascript:|view.do|uid=; cms=portal_or_login; onclicks=0; iframe=false; js=false; login=true; empty=false,success,success,1,0,true,recovered_with_items,confirmed,crawled=1; matched=0
ou_3518_univ_001,협성대학교,https://www.uhs.ac.kr/uhs/155/subview.do,empty_observed,selector_mismatch,list_selector_mismatch,high,http=200; final_url=https://www.uhs.ac.kr/uhs/155/subview.do; size=150680; anchors=246; candidates=151; selector_matches=10; patterns=view.do|javascript:; cms=jiniworks_subview; onclicks=5; iframe=false; js=false; login=true; empty=false,partial,partial,2,2,true,recovered_with_items,confirmed,crawled=2; matched=2
ou_1618_univ_001,화성의과학대학교,https://www.hsmu.ac.kr/user/board/HSMU40102000_list_HSMU40102000.do,network_error,tls_network_timeout,network_dns_or_tls_failure,high,fetch_error=fetch failed,network_error,network_error,0,0,true,temporarily_unavailable,high,fetch_error=fetch failed; fetch_error=fetch failed
