source_id,university_name,source_name,list_url,previous_observed,current_observed,live_visible_items,latest_visible_notice_date,latest_visible_notice_title,lookback_120_count,lookback_365_count,allow_undated_count,zero_reason,coverage_regression,recommended_action,human_explanation_ko
ou_2010_univ_001,광주대학교,광주대학교 장학공지,https://www.gwangju.ac.kr/bbs/?b_id=gwangju_notice_se&mn=538&site=gwangju,1,0,5,,예비군대대,0,0,5,undated_posts_filtered,true,날짜 필터·undated 처리·selector 결과를 source 단위로 재검증,현재 공개 목록에 항목 또는 최근 날짜 신호가 남아 있어 success-zero를 정상으로 보기 어렵습니다.
ou_2155_univ_001,나사렛대학교,나사렛대학교 장학공지,https://kornu.ac.kr/mbs/kornukr/jsp/board/list.jsp?boardId=18&id=kornukr_080104000000,6,0,27,2026-07-14,예결산공고,27,27,27,current_false_zero,true,날짜 필터·undated 처리·selector 결과를 source 단위로 재검증,현재 공개 목록에 항목 또는 최근 날짜 신호가 남아 있어 success-zero를 정상으로 보기 어렵습니다.
ou_2254_univ_001,대전신학대학교,대전신학대학교 장학공지,https://www.daejeon.ac.kr/bbs/board.php?bo_table=N01_04,1,0,15,,2026-2학기 국가근로 선발안내,0,0,15,undated_posts_filtered,true,날짜 필터·undated 처리·selector 결과를 source 단위로 재검증,현재 공개 목록에 항목 또는 최근 날짜 신호가 남아 있어 success-zero를 정상으로 보기 어렵습니다.
ou_2503_univ_001,서울과학기술대학교,서울과학기술대학교 장학공지,https://www.seoultech.ac.kr/service/info/janghak/,3,0,20,2026.08.02,Q&A,26,27,27,current_false_zero,true,날짜 필터·undated 처리·selector 결과를 source 단위로 재검증,현재 공개 목록에 항목 또는 최근 날짜 신호가 남아 있어 success-zero를 정상으로 보기 어렵습니다.
ou_2773_univ_001,신경주대학교,신경주대학교 장학공지,https://sgu.ac.kr/ko/media/notice.php,1,0,10,2026-07-30,2026학년도 1학기 성적포기 신청 안내,10,10,10,current_false_zero,true,날짜 필터·undated 처리·selector 결과를 source 단위로 재검증,현재 공개 목록에 항목 또는 최근 날짜 신호가 남아 있어 success-zero를 정상으로 보기 어렵습니다.
ou_2901_univ_001,예수대학교,예수대학교 장학공지,https://www.jesus.ac.kr/main/?menu=191,2,0,5,2026.07.31,2026.07.27 2026학년도 예수대학교 지역협력센터 계약직원(출산 및 육.. 2026학년도 예수대학교 지역협력센터 계약직원(출산 및 육아휴직 대체) 채용 공고 ■ 채용분야 및 지원자격구분채용분야담당업무자격요건우대사항계약직(출..,29,32,32,current_false_zero,true,날짜 필터·undated 처리·selector 결과를 source 단위로 재검증,현재 공개 목록에 항목 또는 최근 날짜 신호가 남아 있어 success-zero를 정상으로 보기 어렵습니다.
ou_3110_univ_001,제주대학교,제주대학교 장학공지,http://www.jejunu.ac.kr/ara/noticesurvey/outEvent.htm?category=320,2,0,21,2026-07-30,2026학년도 2학기 휴학 및 복학 시행 안내(수정),10,21,21,current_false_zero,true,날짜 필터·undated 처리·selector 결과를 source 단위로 재검증,현재 공개 목록에 항목 또는 최근 날짜 신호가 남아 있어 success-zero를 정상으로 보기 어렵습니다.
ou_3409_univ_001,한동대학교,한동대학교 장학공지,https://www.handong.edu/kor/square/notice/bbs/college/,1,0,17,2026-07-14,[교무처] 2026학년도 2학기 등록금 납부 및 분납 안내,4,14,15,current_false_zero,true,날짜 필터·undated 처리·selector 결과를 source 단위로 재검증,현재 공개 목록에 항목 또는 최근 날짜 신호가 남아 있어 success-zero를 정상으로 보기 어렵습니다.
ou_3525_univ_001,호남대학교,호남대학교 장학공지,https://www.honam.ac.kr/Scholarship_SchFees,1,0,12,2026-07-21,사이버안전교육,12,12,12,current_false_zero,true,날짜 필터·undated 처리·selector 결과를 source 단위로 재검증,현재 공개 목록에 항목 또는 최근 날짜 신호가 남아 있어 success-zero를 정상으로 보기 어렵습니다.
